TRUNCATE TABLE bps_78000.t_cktj_deposit_category;
INSERT INTO bps_78000.t_cktj_deposit_category (id, parent_id, parent_ids, no, name, deposit_type, customer_type, account_type, belong_to, subject_no, valid_flag, remarks, sort, create_by, create_time, update_by, update_time) VALUES (1, 0, '{0}', 'CKFL', '存款分类', 'DEPOSIT_CATEGORY_DEPOSIT_TYPE_WU', null, null, null, null, false, null, 1, 1, now(), 1, now());
INSERT INTO bps_78000.t_cktj_deposit_category (id, parent_id, parent_ids, no, name, deposit_type, customer_type, account_type, belong_to, subject_no, valid_flag, remarks, sort, create_by, create_time, update_by, update_time) VALUES (2, 1, '{0,1}', 'GRCK', '个人存款', 'DEPOSIT_CATEGORY_DEPOSIT_TYPE_WU', 'DEPOSIT_CATEGORY_CUSTOMER_TYPE_PERSON', '', 'DEPOSIT_CATEGORY_BELONG_TO_EMPLOYEE_AND_ORG', '{}', true, '', 2, 1, now(), 1, now());
INSERT INTO bps_78000.t_cktj_deposit_category (id, parent_id, parent_ids, no, name, deposit_type, customer_type, account_type, belong_to, subject_no, valid_flag, remarks, sort, create_by, create_time, update_by, update_time) VALUES (3, 2, '{0,1,2}', 'GRCKHQ', '活期存款', 'DEPOSIT_CATEGORY_DEPOSIT_TYPE_HUOQI', 'DEPOSIT_CATEGORY_CUSTOMER_TYPE_PERSON', '', 'DEPOSIT_CATEGORY_BELONG_TO_EMPLOYEE_AND_ORG', '{20170102,20170199,20170201,211101,211102}', true, '', 3, 1, now(), 1, now());
INSERT INTO bps_78000.t_cktj_deposit_category (id, parent_id, parent_ids, no, name, deposit_type, customer_type, account_type, belong_to, subject_no, valid_flag, remarks, sort, create_by, create_time, update_by, update_time) VALUES (4, 2, '{0,1,2}', 'GRCKTZ', '通知存款', 'DEPOSIT_CATEGORY_DEPOSIT_TYPE_TONGZHI', 'DEPOSIT_CATEGORY_CUSTOMER_TYPE_PERSON', '', 'DEPOSIT_CATEGORY_BELONG_TO_EMPLOYEE_AND_ORG', '{20170115,20170116,21510401,21510402}', true, '', 4, 1, now(), 1, now());
INSERT INTO bps_78000.t_cktj_deposit_category (id, parent_id, parent_ids, no, name, deposit_type, customer_type, account_type, belong_to, subject_no, valid_flag, remarks, sort, create_by, create_time, update_by, update_time) VALUES (5, 2, '{0,1,2}', 'GRDQ3M', '3个月定期', 'DEPOSIT_CATEGORY_DEPOSIT_TYPE_DINGQI', 'DEPOSIT_CATEGORY_CUSTOMER_TYPE_PERSON', '', 'DEPOSIT_CATEGORY_BELONG_TO_EMPLOYEE_AND_ORG', '{20170103,21510101}', true, '', 5, 1, now(), 1, now());
INSERT INTO bps_78000.t_cktj_deposit_category (id, parent_id, parent_ids, no, name, deposit_type, customer_type, account_type, belong_to, subject_no, valid_flag, remarks, sort, create_by, create_time, update_by, update_time) VALUES (6, 2, '{0,1,2}', 'GRDQ6M', '6个月定期', 'DEPOSIT_CATEGORY_DEPOSIT_TYPE_DINGQI', 'DEPOSIT_CATEGORY_CUSTOMER_TYPE_PERSON', '', 'DEPOSIT_CATEGORY_BELONG_TO_EMPLOYEE_AND_ORG', '{20170104,21510102}', true, '', 6, 1, now(), 1, now());
INSERT INTO bps_78000.t_cktj_deposit_category (id, parent_id, parent_ids, no, name, deposit_type, customer_type, account_type, belong_to, subject_no, valid_flag, remarks, sort, create_by, create_time, update_by, update_time) VALUES (7, 2, '{0,1,2}', 'GRDQ1Y', '1年定期', 'DEPOSIT_CATEGORY_DEPOSIT_TYPE_DINGQI', 'DEPOSIT_CATEGORY_CUSTOMER_TYPE_PERSON', '', 'DEPOSIT_CATEGORY_BELONG_TO_EMPLOYEE_AND_ORG', '{20170105,20170109,20170112,20170118,21510103,21510201,21510301,21510601}', true, '', 7, 1, now(), 1, now());
INSERT INTO bps_78000.t_cktj_deposit_category (id, parent_id, parent_ids, no, name, deposit_type, customer_type, account_type, belong_to, subject_no, valid_flag, remarks, sort, create_by, create_time, update_by, update_time) VALUES (8, 2, '{0,1,2}', 'GRDQ2Y', '2年定期', 'DEPOSIT_CATEGORY_DEPOSIT_TYPE_DINGQI', 'DEPOSIT_CATEGORY_CUSTOMER_TYPE_PERSON', '', 'DEPOSIT_CATEGORY_BELONG_TO_EMPLOYEE_AND_ORG', '{20170106,21510104}', true, '', 8, 1, now(), 1, now());
INSERT INTO bps_78000.t_cktj_deposit_category (id, parent_id, parent_ids, no, name, deposit_type, customer_type, account_type, belong_to, subject_no, valid_flag, remarks, sort, create_by, create_time, update_by, update_time) VALUES (9, 2, '{0,1,2}', 'GRDQ3Y', '3年定期', 'DEPOSIT_CATEGORY_DEPOSIT_TYPE_DINGQI', 'DEPOSIT_CATEGORY_CUSTOMER_TYPE_PERSON', '', 'DEPOSIT_CATEGORY_BELONG_TO_EMPLOYEE_AND_ORG', '{20170107,20170110,20170113,20170119,21510105,21510202,21510302,21510602}', true, '', 9, 1, now(), 1, now());
INSERT INTO bps_78000.t_cktj_deposit_category (id, parent_id, parent_ids, no, name, deposit_type, customer_type, account_type, belong_to, subject_no, valid_flag, remarks, sort, create_by, create_time, update_by, update_time) VALUES (10, 2, '{0,1,2}', 'GRDQ5Y', '5年定期', 'DEPOSIT_CATEGORY_DEPOSIT_TYPE_DINGQI', 'DEPOSIT_CATEGORY_CUSTOMER_TYPE_PERSON', '', 'DEPOSIT_CATEGORY_BELONG_TO_EMPLOYEE_AND_ORG', '{20170108,20170111,20170114,21510106,21510203,21510303,21510603}', true, '', 10, 1, now(), 1, now());
INSERT INTO bps_78000.t_cktj_deposit_category (id, parent_id, parent_ids, no, name, deposit_type, customer_type, account_type, belong_to, subject_no, valid_flag, remarks, sort, create_by, create_time, update_by, update_time) VALUES (11, 2, '{0,1,2}', 'GRDQ6Y', '6年定期', 'DEPOSIT_CATEGORY_DEPOSIT_TYPE_DINGQI', 'DEPOSIT_CATEGORY_CUSTOMER_TYPE_PERSON', '', 'DEPOSIT_CATEGORY_BELONG_TO_EMPLOYEE_AND_ORG', '{20170120}', true, '', 11, 1, now(), 1, now());
INSERT INTO bps_78000.t_cktj_deposit_category (id, parent_id, parent_ids, no, name, deposit_type, customer_type, account_type, belong_to, subject_no, valid_flag, remarks, sort, create_by, create_time, update_by, update_time) VALUES (12, 2, '{0,1,2}', 'GRDHLB', '定活两便', 'DEPOSIT_CATEGORY_DEPOSIT_TYPE_DINGHUO', 'DEPOSIT_CATEGORY_CUSTOMER_TYPE_PERSON', '', 'DEPOSIT_CATEGORY_BELONG_TO_EMPLOYEE_AND_ORG', '{20170117,215105}', true, '', 12, 1, now(), 1, now());
INSERT INTO bps_78000.t_cktj_deposit_category (id, parent_id, parent_ids, no, name, deposit_type, customer_type, account_type, belong_to, subject_no, valid_flag, remarks, sort, create_by, create_time, update_by, update_time) VALUES (13, 2, '{0,1,2}', 'GRBZJ', '个人保证金', 'DEPOSIT_CATEGORY_DEPOSIT_TYPE_BAOZHENGJIN', 'DEPOSIT_CATEGORY_CUSTOMER_TYPE_PERSON', '', 'DEPOSIT_CATEGORY_BELONG_TO_EMPLOYEE_AND_ORG', '{251101,251102,251103,251104,251105,251106,251107,251108}', true, '', 13, 1, now(), 1, now());
INSERT INTO bps_78000.t_cktj_deposit_category (id, parent_id, parent_ids, no, name, deposit_type, customer_type, account_type, belong_to, subject_no, valid_flag, remarks, sort, create_by, create_time, update_by, update_time) VALUES (14, 2, '{0,1,2}', 'GRHXCKCP', '个人核心存款产品', 'DEPOSIT_CATEGORY_DEPOSIT_TYPE_DINGQI', 'DEPOSIT_CATEGORY_CUSTOMER_TYPE_PERSON', '', 'DEPOSIT_CATEGORY_BELONG_TO_EMPLOYEE_AND_ORG', '{}', true, '', 14, 1, now(), 1, now());
INSERT INTO bps_78000.t_cktj_deposit_category (id, parent_id, parent_ids, no, name, deposit_type, customer_type, account_type, belong_to, subject_no, valid_flag, remarks, sort, create_by, create_time, update_by, update_time) VALUES (15, 14, '{0,1,2,14}', 'GRHXCKCP1Y', '个人核心存款产品一年期（含）以下', 'DEPOSIT_CATEGORY_DEPOSIT_TYPE_DINGQI', 'DEPOSIT_CATEGORY_CUSTOMER_TYPE_PERSON', '', 'DEPOSIT_CATEGORY_BELONG_TO_EMPLOYEE_AND_ORG', '{21510901}', true, '', 15, 1, now(), 1, now());
INSERT INTO bps_78000.t_cktj_deposit_category (id, parent_id, parent_ids, no, name, deposit_type, customer_type, account_type, belong_to, subject_no, valid_flag, remarks, sort, create_by, create_time, update_by, update_time) VALUES (16, 14, '{0,1,2,14}', 'GRHXCKCP2Y', '个人核心存款产品一年至两年期(含)', 'DEPOSIT_CATEGORY_DEPOSIT_TYPE_DINGQI', 'DEPOSIT_CATEGORY_CUSTOMER_TYPE_PERSON', '', 'DEPOSIT_CATEGORY_BELONG_TO_EMPLOYEE_AND_ORG', '{21510902}', true, '', 16, 1, now(), 1, now());
INSERT INTO bps_78000.t_cktj_deposit_category (id, parent_id, parent_ids, no, name, deposit_type, customer_type, account_type, belong_to, subject_no, valid_flag, remarks, sort, create_by, create_time, update_by, update_time) VALUES (17, 14, '{0,1,2,14}', 'GRHXCKCP3Y', '个人核心存款产品二年至三年期(含)', 'DEPOSIT_CATEGORY_DEPOSIT_TYPE_DINGQI', 'DEPOSIT_CATEGORY_CUSTOMER_TYPE_PERSON', '', 'DEPOSIT_CATEGORY_BELONG_TO_EMPLOYEE_AND_ORG', '{21510903}', true, '', 17, 1, now(), 1, now());
INSERT INTO bps_78000.t_cktj_deposit_category (id, parent_id, parent_ids, no, name, deposit_type, customer_type, account_type, belong_to, subject_no, valid_flag, remarks, sort, create_by, create_time, update_by, update_time) VALUES (18, 14, '{0,1,2,14}', 'GRHXCKCP3YS', '个人核心存款产品三年期以上', 'DEPOSIT_CATEGORY_DEPOSIT_TYPE_DINGQI', 'DEPOSIT_CATEGORY_CUSTOMER_TYPE_PERSON', '', 'DEPOSIT_CATEGORY_BELONG_TO_EMPLOYEE_AND_ORG', '{21510904}', true, '', 17, 1, now(), 1, now());

INSERT INTO bps_78000.t_cktj_deposit_category (id, parent_id, parent_ids, no, name, deposit_type, customer_type, account_type, belong_to, subject_no, valid_flag, remarks, sort, create_by, create_time, update_by, update_time) VALUES (19, 1, '{0,1}', 'DGCK', '对公存款', 'DEPOSIT_CATEGORY_DEPOSIT_TYPE_WU', 'DEPOSIT_CATEGORY_CUSTOMER_TYPE_GROUP', '', 'DEPOSIT_CATEGORY_BELONG_TO_EMPLOYEE_AND_ORG', '{}', true, '', 19, 1, now(), 1, now());
INSERT INTO bps_78000.t_cktj_deposit_category (id, parent_id, parent_ids, no, name, deposit_type, customer_type, account_type, belong_to, subject_no, valid_flag, remarks, sort, create_by, create_time, update_by, update_time) VALUES (20, 19, '{0,1,19}', 'XZDGCKHQ', '活期存款', 'DEPOSIT_CATEGORY_DEPOSIT_TYPE_HUOQI', 'DEPOSIT_CATEGORY_CUSTOMER_TYPE_GROUP', '', 'DEPOSIT_CATEGORY_BELONG_TO_EMPLOYEE_AND_ORG', '{201101,201102,2012,201501,201502,2016,20170101,20170202}', true, '', 20, 1, now(), 1, now());
INSERT INTO bps_78000.t_cktj_deposit_category (id, parent_id, parent_ids, no, name, deposit_type, customer_type, account_type, belong_to, subject_no, valid_flag, remarks, sort, create_by, create_time, update_by, update_time) VALUES (21, 19, '{0,1,19}', 'XZDGCKTZ', '通知存款', 'DEPOSIT_CATEGORY_DEPOSIT_TYPE_TONGZHI', 'DEPOSIT_CATEGORY_CUSTOMER_TYPE_GROUP', '', 'DEPOSIT_CATEGORY_BELONG_TO_EMPLOYEE_AND_ORG', '{20510701,20510702}', true, '', 21, 1, now(), 1, now());
INSERT INTO bps_78000.t_cktj_deposit_category (id, parent_id, parent_ids, no, name, deposit_type, customer_type, account_type, belong_to, subject_no, valid_flag, remarks, sort, create_by, create_time, update_by, update_time) VALUES (22, 19, '{0,1,19}', 'XZDGDQ3M', '3个月定期', 'DEPOSIT_CATEGORY_DEPOSIT_TYPE_DINGQI', 'DEPOSIT_CATEGORY_CUSTOMER_TYPE_GROUP', '', 'DEPOSIT_CATEGORY_BELONG_TO_EMPLOYEE_AND_ORG', '{20170121,205101,205201}', true, '', 22, 1, now(), 1, now());
INSERT INTO bps_78000.t_cktj_deposit_category (id, parent_id, parent_ids, no, name, deposit_type, customer_type, account_type, belong_to, subject_no, valid_flag, remarks, sort, create_by, create_time, update_by, update_time) VALUES (23, 19, '{0,1,19}', 'XZDGDQ6M', '6个月定期', 'DEPOSIT_CATEGORY_DEPOSIT_TYPE_DINGQI', 'DEPOSIT_CATEGORY_CUSTOMER_TYPE_GROUP', '', 'DEPOSIT_CATEGORY_BELONG_TO_EMPLOYEE_AND_ORG', '{20170122,205102,205202}', true, '', 23, 1, now(), 1, now());
INSERT INTO bps_78000.t_cktj_deposit_category (id, parent_id, parent_ids, no, name, deposit_type, customer_type, account_type, belong_to, subject_no, valid_flag, remarks, sort, create_by, create_time, update_by, update_time) VALUES (24, 19, '{0,1,19}', 'XZDGDQ1Y', '1年定期', 'DEPOSIT_CATEGORY_DEPOSIT_TYPE_DINGQI', 'DEPOSIT_CATEGORY_CUSTOMER_TYPE_GROUP', '', 'DEPOSIT_CATEGORY_BELONG_TO_EMPLOYEE_AND_ORG', '{20170123,205103,205203}', true, '', 24, 1, now(), 1, now());
INSERT INTO bps_78000.t_cktj_deposit_category (id, parent_id, parent_ids, no, name, deposit_type, customer_type, account_type, belong_to, subject_no, valid_flag, remarks, sort, create_by, create_time, update_by, update_time) VALUES (25, 19, '{0,1,19}', 'XZDGDQ2Y', '2年定期', 'DEPOSIT_CATEGORY_DEPOSIT_TYPE_DINGQI', 'DEPOSIT_CATEGORY_CUSTOMER_TYPE_GROUP', '', 'DEPOSIT_CATEGORY_BELONG_TO_EMPLOYEE_AND_ORG', '{205104,205204}', true, '', 25, 1, now(), 1, now());
INSERT INTO bps_78000.t_cktj_deposit_category (id, parent_id, parent_ids, no, name, deposit_type, customer_type, account_type, belong_to, subject_no, valid_flag, remarks, sort, create_by, create_time, update_by, update_time) VALUES (26, 19, '{0,1,19}', 'XZDGDQ3Y', '3年定期', 'DEPOSIT_CATEGORY_DEPOSIT_TYPE_DINGQI', 'DEPOSIT_CATEGORY_CUSTOMER_TYPE_GROUP', '', 'DEPOSIT_CATEGORY_BELONG_TO_EMPLOYEE_AND_ORG', '{205105,205205}', true, '', 26, 1, now(), 1, now());
INSERT INTO bps_78000.t_cktj_deposit_category (id, parent_id, parent_ids, no, name, deposit_type, customer_type, account_type, belong_to, subject_no, valid_flag, remarks, sort, create_by, create_time, update_by, update_time) VALUES (27, 19, '{0,1,19}', 'XZDGDQ5Y', '5年定期', 'DEPOSIT_CATEGORY_DEPOSIT_TYPE_DINGQI', 'DEPOSIT_CATEGORY_CUSTOMER_TYPE_GROUP', '', 'DEPOSIT_CATEGORY_BELONG_TO_EMPLOYEE_AND_ORG', '{205106,205206}', true, '', 27, 1, now(), 1, now());
INSERT INTO bps_78000.t_cktj_deposit_category (id, parent_id, parent_ids, no, name, deposit_type, customer_type, account_type, belong_to, subject_no, valid_flag, remarks, sort, create_by, create_time, update_by, update_time) VALUES (28, 19, '{0,1,19}', 'XZDGBZJ', '对公保证金', 'DEPOSIT_CATEGORY_DEPOSIT_TYPE_BAOZHENGJIN', 'DEPOSIT_CATEGORY_CUSTOMER_TYPE_GROUP', '', 'DEPOSIT_CATEGORY_BELONG_TO_EMPLOYEE_AND_ORG', '{251101,251102,251103,251104,251105,251106,251107,251108}', true, '', 28, 1, now(), 1, now());
INSERT INTO bps_78000.t_cktj_deposit_category (id, parent_id, parent_ids, no, name, deposit_type, customer_type, account_type, belong_to, subject_no, valid_flag, remarks, sort, create_by, create_time, update_by, update_time) VALUES (29, 19, '{0,1,19}', 'GRHXCKCP', '对公核心存款产品', 'DEPOSIT_CATEGORY_DEPOSIT_TYPE_DINGQI', 'DEPOSIT_CATEGORY_CUSTOMER_TYPE_GROUP', '', 'DEPOSIT_CATEGORY_BELONG_TO_EMPLOYEE_AND_ORG', '{}', true, '', 29, 1, now(), 1, now());
INSERT INTO bps_78000.t_cktj_deposit_category (id, parent_id, parent_ids, no, name, deposit_type, customer_type, account_type, belong_to, subject_no, valid_flag, remarks, sort, create_by, create_time, update_by, update_time) VALUES (30, 29, '{0,1,19,29}', 'GRHXCKCP1Y', '对公核心存款产品一年期（含）以下', 'DEPOSIT_CATEGORY_DEPOSIT_TYPE_DINGQI', 'DEPOSIT_CATEGORY_CUSTOMER_TYPE_GROUP', '', 'DEPOSIT_CATEGORY_BELONG_TO_EMPLOYEE_AND_ORG', '{20510901}', true, '', 30, 1, now(), 1, now());
INSERT INTO bps_78000.t_cktj_deposit_category (id, parent_id, parent_ids, no, name, deposit_type, customer_type, account_type, belong_to, subject_no, valid_flag, remarks, sort, create_by, create_time, update_by, update_time) VALUES (31, 29, '{0,1,19,29}', 'GRHXCKCP2Y', '对公核心存款产品一年至两年期(含)', 'DEPOSIT_CATEGORY_DEPOSIT_TYPE_DINGQI', 'DEPOSIT_CATEGORY_CUSTOMER_TYPE_GROUP', '', 'DEPOSIT_CATEGORY_BELONG_TO_EMPLOYEE_AND_ORG', '{20510902}', true, '', 31, 1, now(), 1, now());
INSERT INTO bps_78000.t_cktj_deposit_category (id, parent_id, parent_ids, no, name, deposit_type, customer_type, account_type, belong_to, subject_no, valid_flag, remarks, sort, create_by, create_time, update_by, update_time) VALUES (32, 29, '{0,1,19,29}', 'GRHXCKCP3Y', '对公核心存款产品二年至三年期(含)', 'DEPOSIT_CATEGORY_DEPOSIT_TYPE_DINGQI', 'DEPOSIT_CATEGORY_CUSTOMER_TYPE_GROUP', '', 'DEPOSIT_CATEGORY_BELONG_TO_EMPLOYEE_AND_ORG', '{20510903}', true, '', 32, 1, now(), 1, now());
INSERT INTO bps_78000.t_cktj_deposit_category (id, parent_id, parent_ids, no, name, deposit_type, customer_type, account_type, belong_to, subject_no, valid_flag, remarks, sort, create_by, create_time, update_by, update_time) VALUES (33, 29, '{0,1,19,29}', 'GRHXCKCP3YS', '对公核心存款产品三年期以上', 'DEPOSIT_CATEGORY_DEPOSIT_TYPE_DINGQI', 'DEPOSIT_CATEGORY_CUSTOMER_TYPE_GROUP', '', 'DEPOSIT_CATEGORY_BELONG_TO_EMPLOYEE_AND_ORG', '{20510904}', true, '', 33, 1, now(), 1, now());


INSERT INTO bps_78000.t_cktj_deposit_category (id, parent_id, parent_ids, no, name, deposit_type, customer_type, account_type, belong_to, subject_no, valid_flag, remarks, sort, create_by, create_time, update_by, update_time) VALUES (34, 1, '{0,1}', 'QTCK', '其他存款', 'DEPOSIT_CATEGORY_DEPOSIT_TYPE_WU', null, '', 'DEPOSIT_CATEGORY_BELONG_TO_ORG', '{}', true, '', 34, 1, now(), 1, now());
INSERT INTO bps_78000.t_cktj_deposit_category (id, parent_id, parent_ids, no, name, deposit_type, customer_type, account_type, belong_to, subject_no, valid_flag, remarks, sort, create_by, create_time, update_by, update_time) VALUES (35, 34, '{0,1,34}', 'QTCK2013', '待结算财政款', 'DEPOSIT_CATEGORY_DEPOSIT_TYPE_DAIJIESUANCAIZHENGKUAN', null, '', 'DEPOSIT_CATEGORY_BELONG_TO_ORG', '{201301,201302,201303,201304,201305,201306,201307,201308,201309}', true, '', 35, 1, now(), 1, now());
INSERT INTO bps_78000.t_cktj_deposit_category (id, parent_id, parent_ids, no, name, deposit_type, customer_type, account_type, belong_to, subject_no, valid_flag, remarks, sort, create_by, create_time, update_by, update_time) VALUES (36, 34, '{0,1,34}', 'QTCK2014', '地方财政库款', 'DEPOSIT_CATEGORY_DEPOSIT_TYPE_DIFANGCAIZHENGKUKUAN', NULL, '', 'DEPOSIT_CATEGORY_BELONG_TO_ORG', '{201401,201402}', true, '', 36, 1, now(), 1, now());
INSERT INTO bps_78000.t_cktj_deposit_category (id, parent_id, parent_ids, no, name, deposit_type, customer_type, account_type, belong_to, subject_no, valid_flag, remarks, sort, create_by, create_time, update_by, update_time) VALUES (37, 34, '{0,1,34}', 'QTCK2431', '应解汇款', 'DEPOSIT_CATEGORY_DEPOSIT_TYPE_YINGJIEHUIKUAN', null, '', 'DEPOSIT_CATEGORY_BELONG_TO_ORG', '{243101,243102,243103,243104}', true, '', 37, 1, now(), 1, now());
INSERT INTO bps_78000.t_cktj_deposit_category (id, parent_id, parent_ids, no, name, deposit_type, customer_type, account_type, belong_to, subject_no, valid_flag, remarks, sort, create_by, create_time, update_by, update_time) VALUES (38, 34, '{0,1,34}', 'DZXJ', 'IC卡电子现金', 'DEPOSIT_CATEGORY_DEPOSIT_TYPE_DIANZIXIANJIN', null, '', 'DEPOSIT_CATEGORY_BELONG_TO_ORG', '{20170301}', true, '', 38, 1, now(), 1, now());
ALTER SEQUENCE bps_78000.t_cktj_deposit_category_id_seq RESTART WITH 100;


-- deposit_type: 0-存款大类(对公/个人) 1-活期存款 2-定期存款 3-通知存款 4-定活两便 5-保证金 6-待结算财政款 7-地方财政库款 8-应解汇款 9-IC卡电子现金




-- 存款统计中需要使用到的字典信息
INSERT INTO bps_78000.t_branch_dictionary(code, name, sort, create_time) VALUES ('DEPOSIT_CATEGORY_DEPOSIT_TYPE_WU','', 1, now());
INSERT INTO bps_78000.t_branch_dictionary(code, name, sort, create_time) VALUES ('DEPOSIT_CATEGORY_DEPOSIT_TYPE_HUOQI','活期存款', 2, now());
INSERT INTO bps_78000.t_branch_dictionary(code, name, sort, create_time) VALUES ('DEPOSIT_CATEGORY_DEPOSIT_TYPE_DINGQI','定期存款', 3, now());
INSERT INTO bps_78000.t_branch_dictionary(code, name, sort, create_time) VALUES ('DEPOSIT_CATEGORY_DEPOSIT_TYPE_TONGZHI','通知存款', 4, now());
INSERT INTO bps_78000.t_branch_dictionary(code, name, sort, create_time) VALUES ('DEPOSIT_CATEGORY_DEPOSIT_TYPE_DINGHUO','定活两便存款', 5, now());
INSERT INTO bps_78000.t_branch_dictionary(code, name, sort, create_time) VALUES ('DEPOSIT_CATEGORY_DEPOSIT_TYPE_BAOZHENGJIN','保证金', 6, now());
INSERT INTO bps_78000.t_branch_dictionary(code, name, sort, create_time) VALUES ('DEPOSIT_CATEGORY_DEPOSIT_TYPE_DAIJIESUANCAIZHENGKUAN','待结算财政款', 7, now());
INSERT INTO bps_78000.t_branch_dictionary(code, name, sort, create_time) VALUES ('DEPOSIT_CATEGORY_DEPOSIT_TYPE_DIFANGCAIZHENGKUKUAN','地方财政库款', 8, now());
INSERT INTO bps_78000.t_branch_dictionary(code, name, sort, create_time) VALUES ('DEPOSIT_CATEGORY_DEPOSIT_TYPE_YINGJIEHUIKUAN','应解汇款', 9, now());
INSERT INTO bps_78000.t_branch_dictionary(code, name, sort, create_time) VALUES ('DEPOSIT_CATEGORY_DEPOSIT_TYPE_DIANZIXIANJIN','IC卡电子现金', 10, now());
INSERT INTO bps_78000.t_branch_dictionary(code, name, sort, create_time) VALUES ('DEPOSIT_CATEGORY_CUSTOMER_TYPE_PERSON','个人', 11, now());
INSERT INTO bps_78000.t_branch_dictionary(code, name, sort, create_time) VALUES ('DEPOSIT_CATEGORY_CUSTOMER_TYPE_GROUP','对公', 12, now());
INSERT INTO bps_78000.t_branch_dictionary(code, name, sort, create_time) VALUES ('DEPOSIT_CATEGORY_BELONG_TO_EMPLOYEE_AND_ORG','员工与机构', 13, now());
INSERT INTO bps_78000.t_branch_dictionary(code, name, sort, create_time) VALUES ('DEPOSIT_CATEGORY_BELONG_TO_EMPLOYEE','员工', 14, now());
INSERT INTO bps_78000.t_branch_dictionary(code, name, sort, create_time) VALUES ('DEPOSIT_CATEGORY_BELONG_TO_ORG','机构', 15, now());
INSERT INTO bps_78000.t_branch_dictionary(code, name, sort, create_time) VALUES ('DEPOSIT_ACCOUNT_AUTO_BIND_LEVEL_NONE','子账户不自动绑定', 101, now());
INSERT INTO bps_78000.t_branch_dictionary(code, name, sort, create_time) VALUES ('DEPOSIT_ACCOUNT_AUTO_BIND_LEVEL_ACCOUNT','账户级自动绑定-依据母账户将所有子账户自动绑定', 102, now());
INSERT INTO bps_78000.t_branch_dictionary(code, name, sort, create_time) VALUES ('DEPOSIT_ORG_BIND_RULE_INSIDE_TERMINAL','账户绑定层级-只允许绑定到本网点员工', 201, now());
INSERT INTO bps_78000.t_branch_dictionary(code, name, sort, create_time) VALUES ('DEPOSIT_ORG_BIND_RULE_INSIDE_SUBBRANCH','账户绑定层级-允许绑定到本支行的员工', 202, now());
INSERT INTO bps_78000.t_branch_dictionary(code, name, sort, create_time) VALUES ('DEPOSIT_ORG_BIND_RULE_INSIDE_BRANCH','账户绑定层级-允许绑定到本中心支行内的员工', 203, now());
INSERT INTO bps_78000.t_branch_dictionary(code, name, sort, create_time) VALUES ('DEPOSIT_ORG_BIND_RULE_ALL','账户绑定层级-允许绑定到任何员工', 204, now());
INSERT INTO bps_78000.t_branch_dictionary(code, name, sort, create_time) VALUES ('CHECKED_STATUS_UNCHECKED','新登记未复核', 301, now());
INSERT INTO bps_78000.t_branch_dictionary(code, name, sort, create_time) VALUES ('CHECKED_STATUS_CHECKED','复核通过', 302, now());
INSERT INTO bps_78000.t_branch_dictionary(code, name, sort, create_time) VALUES ('CHECKED_STATUS_DENIED','复核拒绝', 303, now());
INSERT INTO bps_78000.t_branch_dictionary(code, name, sort, create_time) VALUES ('REGISTER_TYPE_NEW','登记类型-新客户', 401, now());
INSERT INTO bps_78000.t_branch_dictionary(code, name, sort, create_time) VALUES ('REGISTER_TYPE_REBOUND','登记类型-重新绑定', 402, now());
INSERT INTO bps_78000.t_branch_dictionary(code, name, sort, create_time) VALUES ('DEPOSIT_TYPE_ACCOUNTING_WAY','核心系统存款', 403, now());
INSERT INTO bps_78000.t_branch_dictionary(code, name, sort, create_time) VALUES ('DEPOSIT_TYPE_MANAGE_WAY','汇总存款', 404, now());
INSERT INTO bps_78000.t_branch_dictionary(code, name, sort, create_time) VALUES ('DEPOSIT_TYPE_ACCOUNTING_OWN_TERMINAL','在本机构存款', 405, now());
INSERT INTO bps_78000.t_branch_dictionary(code, name, sort, create_time) VALUES ('DEPOSIT_TYPE_TRANSFER_IN','调入存款', 406, now());
INSERT INTO bps_78000.t_branch_dictionary(code, name, sort, create_time) VALUES ('DEPOSIT_TYPE_TRANSFER_OUT','调离存款', 407, now());
INSERT INTO bps_78000.t_branch_dictionary(code, name, sort, create_time) VALUES ('EVALUATION_TYPE_TASK','考核类型-任务数', 451, now());
INSERT INTO bps_78000.t_branch_dictionary(code, name, sort, create_time) VALUES ('EVALUATION_TYPE_PAYMENT','考核类型-计酬数', 452, now());
















INSERT INTO bps_78000.t_sys_menu (id, parent_id, parent_ids, name, type, uri, target, sort, is_show, permission, icon, create_by, create_time, update_by, update_time, description, del_flag) VALUES (200, 1, '{0,1}', '存款统计', 'MENU_TYPE_MENU_GROUP', '', '', 200, '1', '', 'x-fa fa-coins', 1, now(), 1, now(), '存款统计', false);
INSERT INTO bps_78000.t_sys_menu (id, parent_id, parent_ids, name, type, uri, target, sort, is_show, permission, icon, create_by, create_time, update_by, update_time, description, del_flag) VALUES (201, 200, '{0,1,200}', '存款分类设置', 'MENU_TYPE_MENU_MENU', '/cktj/depositcategory', 'cktjdepositcategory', 201, '1', '',  'x-fa fa-user-secret', 1, now(), 1, now(), '存款分类设置', false);
INSERT INTO bps_78000.t_sys_menu (id, parent_id, parent_ids, name, type, uri, target, sort, is_show, permission, icon, create_by, create_time, update_by, update_time, description, del_flag) VALUES (202, 201, '{0,1,200,201}', '添加', 'MENU_TYPE_MENU_PERMISSION', '/cktj/depositcategory/create', 'addDepositCategory', 202, '1', '', 'x-fa fa-plus-square', 1, now(), 1, now(), '添加存款分类', false);
INSERT INTO bps_78000.t_sys_menu (id, parent_id, parent_ids, name, type, uri, target, sort, is_show, permission, icon, create_by, create_time, update_by, update_time, description, del_flag) VALUES (203, 201, '{0,1,200,201}', '删除', 'MENU_TYPE_MENU_PERMISSION', '/cktj/depositcategory/delete', 'deleteDepositCategory', 203, '1', '', 'x-fa fa-trash', 1, now(), 1, now(), '删除存款分类', false);
INSERT INTO bps_78000.t_sys_menu (id, parent_id, parent_ids, name, type, uri, target, sort, is_show, permission, icon, create_by, create_time, update_by, update_time, description, del_flag) VALUES (204, 201, '{0,1,200,201}', '编辑', 'MENU_TYPE_MENU_PERMISSION', '/cktj/depositcategory/update', 'editDepositCategory', 204, '1', '', 'x-fa fa-pencil', 1, now(), 1, now(), '编辑存款分类', false);
INSERT INTO bps_78000.t_sys_menu (id, parent_id, parent_ids, name, type, uri, target, sort, is_show, permission, icon, create_by, create_time, update_by, update_time, description, del_flag) VALUES (205, 201, '{0,1,200,201}', '查看', 'MENU_TYPE_MENU_PERMISSION', '/cktj/depositcategory/get', 'viewDepositCategory', 205, '1', '', 'x-fa fa-info', 1, now(), 1, now(), '显示存款分类', false);

INSERT INTO bps_78000.t_sys_menu (id, parent_id, parent_ids, name, type, uri, target, sort, is_show, permission, icon, create_by, create_time, update_by, update_time, description, del_flag) VALUES (206, 200, '{0,1,200}', '存款统计设置', 'MENU_TYPE_MENU_MENU', '/cktj/deposithandleconfig', 'cktjdeposithandleconfig', 206, '1', '',  'x-fa fa-user-secret', 1, now(), 1, now(), '存款统计设置', false);
INSERT INTO bps_78000.t_sys_menu (id, parent_id, parent_ids, name, type, uri, target, sort, is_show, permission, icon, create_by, create_time, update_by, update_time, description, del_flag) VALUES (207, 206, '{0,1,200,206}', '添加', 'MENU_TYPE_MENU_PERMISSION', '/cktj/deposithandleconfig/create', 'addDepositHandleConfig', 207, '1', '', 'x-fa fa-plus-square', 1, now(), 1, now(), '添加存款统计设置', false);
INSERT INTO bps_78000.t_sys_menu (id, parent_id, parent_ids, name, type, uri, target, sort, is_show, permission, icon, create_by, create_time, update_by, update_time, description, del_flag) VALUES (208, 206, '{0,1,200,206}', '删除', 'MENU_TYPE_MENU_PERMISSION', '/cktj/deposithandleconfig/delete', 'deleteDepositHandleConfig', 208, '1', '', 'x-fa fa-trash', 1, now(), 1, now(), '删除存款统计设置', false);
INSERT INTO bps_78000.t_sys_menu (id, parent_id, parent_ids, name, type, uri, target, sort, is_show, permission, icon, create_by, create_time, update_by, update_time, description, del_flag) VALUES (209, 206, '{0,1,200,206}', '编辑', 'MENU_TYPE_MENU_PERMISSION', '/cktj/deposithandleconfig/update', 'editDepositHandleConfig', 209, '1', '', 'x-fa fa-pencil', 1, now(), 1, now(), '编辑存款统计设置', false);
INSERT INTO bps_78000.t_sys_menu (id, parent_id, parent_ids, name, type, uri, target, sort, is_show, permission, icon, create_by, create_time, update_by, update_time, description, del_flag) VALUES (210, 206, '{0,1,200,206}', '查看', 'MENU_TYPE_MENU_PERMISSION', '/cktj/deposithandleconfig/get', 'viewDepositHandleConfig', 210, '1', '', 'x-fa fa-info', 1, now(), 1, now(), '显示存款统计设置', false);

INSERT INTO bps_78000.t_sys_menu (id, parent_id, parent_ids, name, type, uri, target, sort, is_show, permission, icon, create_by, create_time, update_by, update_time, description, del_flag) VALUES (211, 200, '{0,1,200}', '存款统计日志', 'MENU_TYPE_MENU_MENU', '/cktj/deposithandlelog', 'cktjdeposithandlelog', 211, '1', '',  'x-fa fa-comments', 1, now(), 1, now(), '存款统计日志', false);

INSERT INTO bps_78000.t_sys_menu (id, parent_id, parent_ids, name, en_name,  type, uri, target, sort, is_show, permission, icon, create_by, create_time, update_by, update_time, description, del_flag) VALUES (212, 200, '{0,1,200}', '揽储人管理',null, 'MENU_TYPE_MENU_GROUP', '', '',212, '1', '',  'x-fa fa-user', 1, now(), 1, now(), '存款账户揽储人管理', false);
INSERT INTO bps_78000.t_sys_menu (id, parent_id, parent_ids, name, en_name,  type, uri, target, sort, is_show, permission, icon, create_by, create_time, update_by, update_time, description, del_flag) VALUES (213, 212, '{0,1,200,212}', '登记申请','cktjRegisterApply', 'MENU_TYPE_MENU_MENU', '/cktj/employeeaccount/getUnregisterAccount', 'cktjemployeeaccountregister', 213, '1', '',  'x-fa fa-edit', 1, now(), 1, now(), '未登记揽储人账户列表', false);
INSERT INTO bps_78000.t_sys_menu (id, parent_id, parent_ids, name, en_name,  type, uri, target, sort, is_show, permission, icon, create_by, create_time, update_by, update_time, description, del_flag) VALUES (214, 213, '{0,1,200,212,213}', '登记', 'cktjRegister', 'MENU_TYPE_MENU_PERMISSION', '/cktj/employeeaccount/registerEmployee', 'registerEmployee', 214, '1', '',  'x-fa fa-comments', 1, now(), 1, now(), '申请登记揽储人', false);
INSERT INTO bps_78000.t_sys_menu (id, parent_id, parent_ids, name, en_name,  type, uri, target, sort, is_show, permission, icon, create_by, create_time, update_by, update_time, description, del_flag) VALUES (215, 212, '{0,1,200,212}', '登记复核', 'cktjRegisterCheck', 'MENU_TYPE_MENU_MENU', '/cktj/employeeaccount/getRegisterUncheckedAccount', 'cktjemployeeaccountcheck', 215, '1', '',  'x-fa fa-chalkboard', 1, now(), 1, now(), '已登记揽储人但未复核的账户列表', false);
INSERT INTO bps_78000.t_sys_menu (id, parent_id, parent_ids, name, en_name,  type, uri, target, sort, is_show, permission, icon, create_by, create_time, update_by, update_time, description, del_flag) VALUES (216, 215, '{0,1,200,212,215}', '复核正确', null, 'MENU_TYPE_MENU_PERMISSION', '/cktj/employeeaccount/checkRegisterEmployee', 'checkRegisterEmployee', 216, '1', '',  'x-fa fa-check-square', 1, now(), 1, now(), '登记揽储人复核正确', false);
INSERT INTO bps_78000.t_sys_menu (id, parent_id, parent_ids, name, en_name,  type, uri, target, sort, is_show, permission, icon, create_by, create_time, update_by, update_time, description, del_flag) VALUES (217, 215, '{0,1,200,212,215}', '撤销登记', null, 'MENU_TYPE_MENU_PERMISSION', '/cktj/employeeaccount/undoRegisterEmployee', 'undoRegisterEmployee', 217, '1', '',  'x-fa fa-times', 1, now(), 1, now(), '撤销登记揽储人申请', false);
INSERT INTO bps_78000.t_sys_menu (id, parent_id, parent_ids, name, en_name,  type, uri, target, sort, is_show, permission, icon, create_by, create_time, update_by, update_time, description, del_flag) VALUES (218, 212, '{0,1,200,212}', '任务变更申请', 'cktjAlterApply', 'MENU_TYPE_MENU_MENU', '/cktj/employeeaccount/alterTask', 'cktjemployeeaccountaltertask', 218, '1', '',  'x-fa fa-exchange-alt', 1, now(), 1, now(), '可变更揽储人的账户列表', false);
INSERT INTO bps_78000.t_sys_menu (id, parent_id, parent_ids, name, en_name,  type, uri, target, sort, is_show, permission, icon, create_by, create_time, update_by, update_time, description, del_flag) VALUES (219, 218, '{0,1,200,212,218}', '变更', 'cktjAlter', 'MENU_TYPE_MENU_PERMISSION', '', 'modifyEmployeeTask', 219, '1', '',  'x-fa fa-comments', 1, now(), 1, now(), '申请变更揽储人', false);
INSERT INTO bps_78000.t_sys_menu (id, parent_id, parent_ids, name, en_name,  type, uri, target, sort, is_show, permission, icon, create_by, create_time, update_by, update_time, description, del_flag) VALUES (220, 212, '{0,1,200,212}', '计酬变更申请', 'cktjAlterApply', 'MENU_TYPE_MENU_MENU', '/cktj/employeeaccount/alterPayment', 'cktjemployeeaccountalterpayment', 220, '1', '',  'x-fa fa-comments', 1, now(), 1, now(), '可变更揽储人的账户列表', false);
INSERT INTO bps_78000.t_sys_menu (id, parent_id, parent_ids, name, en_name,  type, uri, target, sort, is_show, permission, icon, create_by, create_time, update_by, update_time, description, del_flag) VALUES (221, 220, '{0,1,200,212,220}', '变更', 'cktjAlter', 'MENU_TYPE_MENU_PERMISSION', '', 'modifyEmployeePayment', 221, '1', '',  'x-fa fa-comments', 1, now(), 1, now(), '申请变更揽储人', false);
INSERT INTO bps_78000.t_sys_menu (id, parent_id, parent_ids, name, en_name,  type, uri, target, sort, is_show, permission, icon, create_by, create_time, update_by, update_time, description, del_flag) VALUES (222, 212, '{0,1,200,212}', '任务变更复核', 'cktjAlterCheck', 'MENU_TYPE_MENU_MENU', '/cktj/employeeaccount/checkTaskAlter', 'cktjemployeeaccountalterchecktask', 222, '1', '',  'x-fa fa-th-list', 1, now(), 1, now(), '已提交变更揽储人申请但未复核的申请', false);
INSERT INTO bps_78000.t_sys_menu (id, parent_id, parent_ids, name, en_name,  type, uri, target, sort, is_show, permission, icon, create_by, create_time, update_by, update_time, description, del_flag) VALUES (223, 222, '{0,1,200,212,222}', '同意变更', null, 'MENU_TYPE_MENU_PERMISSION', '', 'checkModifyEmployeeTask', 223, '1', '',  'x-fa fa-check-square', 1, now(), 1, now(), '同意变更揽储人申请', false);
INSERT INTO bps_78000.t_sys_menu (id, parent_id, parent_ids, name, en_name,  type, uri, target, sort, is_show, permission, icon, create_by, create_time, update_by, update_time, description, del_flag) VALUES (224, 222, '{0,1,200,212,222}', '撤销变更', null, 'MENU_TYPE_MENU_PERMISSION', '', 'undoModifyEmployeeTask', 224, '1', '',  'x-fa fa-times', 1, now(), 1, now(), '撤销变更揽储人申请', false);
INSERT INTO bps_78000.t_sys_menu (id, parent_id, parent_ids, name, en_name,  type, uri, target, sort, is_show, permission, icon, create_by, create_time, update_by, update_time, description, del_flag) VALUES (225, 212, '{0,1,200,212}', '计酬变更复核', 'cktjAlterCheck', 'MENU_TYPE_MENU_MENU', '/cktj/employeeaccount/checkPaymentAlter', 'cktjemployeeaccountaltercheckpayment', 225, '1', '',  'x-fa fa-th-list', 1, now(), 1, now(), '已提交变更揽储人申请但未复核的申请', false);
INSERT INTO bps_78000.t_sys_menu (id, parent_id, parent_ids, name, en_name,  type, uri, target, sort, is_show, permission, icon, create_by, create_time, update_by, update_time, description, del_flag) VALUES (226, 225, '{0,1,200,212,225}', '同意变更', null, 'MENU_TYPE_MENU_PERMISSION', '', 'checkModifyEmployeePayment', 226, '1', '',  'x-fa fa-check-square', 1, now(), 1, now(), '同意变更揽储人申请', false);
INSERT INTO bps_78000.t_sys_menu (id, parent_id, parent_ids, name, en_name,  type, uri, target, sort, is_show, permission, icon, create_by, create_time, update_by, update_time, description, del_flag) VALUES (227, 225, '{0,1,200,212,225}', '撤销变更', null, 'MENU_TYPE_MENU_PERMISSION', '', 'undoModifyEmployeePayment', 227, '1', '',  'x-fa fa-times', 1, now(), 1, now(), '撤销变更揽储人申请', false);

INSERT INTO bps_78000.t_sys_menu (id, parent_id, parent_ids, name, en_name,  type, uri, target, sort, is_show, permission, icon, create_by, create_time, update_by, update_time, description, del_flag) VALUES (228, 200, '{0,1,200}', '存款账户-任务', null, 'MENU_TYPE_MENU_MENU', '', 'cktjemployeeaccounttask', 228, '1', '',  'x-fa fa-file', 1, now(), 1, now(), '揽储人存款账户信息', false);
INSERT INTO bps_78000.t_sys_menu (id, parent_id, parent_ids, name, en_name,  type, uri, target, sort, is_show, permission, icon, create_by, create_time, update_by, update_time, description, del_flag) VALUES (229, 200, '{0,1,200}', '存款账户-计酬', null, 'MENU_TYPE_MENU_MENU', '', 'cktjemployeeaccountpayment', 229, '1', '',  'x-fa fa-file', 1, now(), 1, now(), '揽储人存款账户信息', false);

INSERT INTO bps_78000.t_sys_menu (id, parent_id, parent_ids, name, en_name,  type, uri, target, sort, is_show, permission, icon, create_by, create_time, update_by, update_time, description, del_flag) VALUES (230, 200, '{0,1,200}', '存款余额信息', null, 'MENU_TYPE_MENU_GROUP', '', '', 230, '1', '',  'x-fa fa-yen-sign', 1, now(), 1, now(), '存款余额信息', false);
INSERT INTO bps_78000.t_sys_menu (id, parent_id, parent_ids, name, en_name,  type, uri, target, sort, is_show, permission, icon, create_by, create_time, update_by, update_time, description, del_flag) VALUES (231, 230, '{0,1,200,230}', '员工任务时点', 'cktjEmployeeDeposit', 'MENU_TYPE_MENU_MENU', '/cktj/deposit/empDepositTask', 'cktjdepositemployeetask', 231, '1', '',  'x-fa fa-tasks', 1, now(), 1, now(), '员工时点余额', false);
INSERT INTO bps_78000.t_sys_menu (id, parent_id, parent_ids, name, en_name,  type, uri, target, sort, is_show, permission, icon, create_by, create_time, update_by, update_time, description, del_flag) VALUES (232, 231, '{0,1,200,230,231}', '导出', null, 'MENU_TYPE_MENU_PERMISSION', '', 'exportEmpDepositTask', 232, '1', '',  'x-fa fa-file-excel', 1, now(), 1, now(), '导出员工时点余额', false);
INSERT INTO bps_78000.t_sys_menu (id, parent_id, parent_ids, name, en_name,  type, uri, target, sort, is_show, permission, icon, create_by, create_time, update_by, update_time, description, del_flag) VALUES (233, 230, '{0,1,200,230}', '员工任务日均', 'cktjEmployeeAvgDeposit', 'MENU_TYPE_MENU_MENU', '/cktj/deposit/empDepositAvgTask', 'cktjdepositempavgtask', 233, '1', '',  'x-fa fa-bars', 1, now(), 1, now(), '员工日均余额', false);
INSERT INTO bps_78000.t_sys_menu (id, parent_id, parent_ids, name, en_name,  type, uri, target, sort, is_show, permission, icon, create_by, create_time, update_by, update_time, description, del_flag) VALUES (234, 233, '{0,1,200,230,233}', '导出', null, 'MENU_TYPE_MENU_PERMISSION', '', 'exportEmpAvgDepositTask', 234, '1', '',  'x-fa fa-file-excel', 1, now(), 1, now(), '导出员工日均余额', false);
INSERT INTO bps_78000.t_sys_menu (id, parent_id, parent_ids, name, en_name,  type, uri, target, sort, is_show, permission, icon, create_by, create_time, update_by, update_time, description, del_flag) VALUES (235, 230, '{0,1,200,230}', '员工计酬时点', 'cktjEmployeeDeposit', 'MENU_TYPE_MENU_MENU', '/cktj/deposit/empDepositPayment', 'cktjdepositemployeepayment', 235, '1', '',  'x-fa fa-tasks', 1, now(), 1, now(), '员工时点余额', false);
INSERT INTO bps_78000.t_sys_menu (id, parent_id, parent_ids, name, en_name,  type, uri, target, sort, is_show, permission, icon, create_by, create_time, update_by, update_time, description, del_flag) VALUES (236, 235, '{0,1,200,230,235}', '导出', null, 'MENU_TYPE_MENU_PERMISSION', '', 'exportEmpDepositPayment', 236, '1', '',  'x-fa fa-file-excel', 1, now(), 1, now(), '导出员工时点余额', false);
INSERT INTO bps_78000.t_sys_menu (id, parent_id, parent_ids, name, en_name,  type, uri, target, sort, is_show, permission, icon, create_by, create_time, update_by, update_time, description, del_flag) VALUES (237, 230, '{0,1,200,230}', '员工计酬日均', 'cktjEmployeeAvgDeposit', 'MENU_TYPE_MENU_MENU', '/cktj/deposit/empDepositAvgPayment', 'cktjdepositempavgpayment', 237, '1', '',  'x-fa fa-bars', 1, now(), 1, now(), '员工日均余额', false);
INSERT INTO bps_78000.t_sys_menu (id, parent_id, parent_ids, name, en_name,  type, uri, target, sort, is_show, permission, icon, create_by, create_time, update_by, update_time, description, del_flag) VALUES (238, 237, '{0,1,200,230,237}', '导出', null, 'MENU_TYPE_MENU_PERMISSION', '', 'exportEmpAvgDepositPayment', 238, '1', '',  'x-fa fa-file-excel', 1, now(), 1, now(), '导出员工日均余额', false);
INSERT INTO bps_78000.t_sys_menu (id, parent_id, parent_ids, name, en_name,  type, uri, target, sort, is_show, permission, icon, create_by, create_time, update_by, update_time, description, del_flag) VALUES (239, 230, '{0,1,200,230}', '机构任务时点', 'cktjOrgDeposit', 'MENU_TYPE_MENU_MENU', '/cktj/deposit/orgDepositTask', 'cktjdepositorgtask', 239, '1', '',  'x-fa fa-tasks', 1, now(), 1, now(), '机构时点余额', false);
INSERT INTO bps_78000.t_sys_menu (id, parent_id, parent_ids, name, en_name,  type, uri, target, sort, is_show, permission, icon, create_by, create_time, update_by, update_time, description, del_flag) VALUES (240, 239, '{0,1,200,230,239}', '导出', null, 'MENU_TYPE_MENU_PERMISSION', '', 'exportOrgDepositTask', 240, '1', '',  'x-fa fa-file-excel', 1, now(), 1, now(), '导出机构时点余额', false);
INSERT INTO bps_78000.t_sys_menu (id, parent_id, parent_ids, name, en_name,  type, uri, target, sort, is_show, permission, icon, create_by, create_time, update_by, update_time, description, del_flag) VALUES (241, 230, '{0,1,200,230}', '机构任务日均', 'cktjOrgAvgDeposit', 'MENU_TYPE_MENU_MENU', '/cktj/deposit/orgDepositAvgTask', 'cktjdepositorgavgtask', 241, '1', '',  'x-fa fa-bars', 1, now(), 1, now(), '机构日均余额', false);
INSERT INTO bps_78000.t_sys_menu (id, parent_id, parent_ids, name, en_name,  type, uri, target, sort, is_show, permission, icon, create_by, create_time, update_by, update_time, description, del_flag) VALUES (242, 241, '{0,1,200,230,241}', '导出', null, 'MENU_TYPE_MENU_PERMISSION', '', 'exportOrgAvgDepositTask', 242, '1', '',  'x-fa fa-file-excel', 1, now(), 1, now(), '导出机构日均余额', false);


INSERT INTO bps_78000.t_sys_role_menu(role_id, menu_id, is_show) VALUES (1, 200, true);
INSERT INTO bps_78000.t_sys_role_menu(role_id, menu_id, is_show) VALUES (1, 201, true);
-- INSERT INTO bps_78000.t_sys_role_menu(role_id, menu_id, is_show) VALUES (1, 202, true);
-- INSERT INTO bps_78000.t_sys_role_menu(role_id, menu_id, is_show) VALUES (1, 203, true);
-- INSERT INTO bps_78000.t_sys_role_menu(role_id, menu_id, is_show) VALUES (1, 204, true);
INSERT INTO bps_78000.t_sys_role_menu(role_id, menu_id, is_show) VALUES (1, 212, true);
INSERT INTO bps_78000.t_sys_role_menu(role_id, menu_id, is_show) VALUES (1, 213, true);
INSERT INTO bps_78000.t_sys_role_menu(role_id, menu_id, is_show) VALUES (1, 214, true);
INSERT INTO bps_78000.t_sys_role_menu(role_id, menu_id, is_show) VALUES (1, 215, true);
INSERT INTO bps_78000.t_sys_role_menu(role_id, menu_id, is_show) VALUES (1, 216, true);
INSERT INTO bps_78000.t_sys_role_menu(role_id, menu_id, is_show) VALUES (1, 217, true);
INSERT INTO bps_78000.t_sys_role_menu(role_id, menu_id, is_show) VALUES (1, 218, true);
INSERT INTO bps_78000.t_sys_role_menu(role_id, menu_id, is_show) VALUES (1, 219, true);
INSERT INTO bps_78000.t_sys_role_menu(role_id, menu_id, is_show) VALUES (1, 220, true);
INSERT INTO bps_78000.t_sys_role_menu(role_id, menu_id, is_show) VALUES (1, 221, true);
INSERT INTO bps_78000.t_sys_role_menu(role_id, menu_id, is_show) VALUES (1, 222, true);
INSERT INTO bps_78000.t_sys_role_menu(role_id, menu_id, is_show) VALUES (1, 223, true);
INSERT INTO bps_78000.t_sys_role_menu(role_id, menu_id, is_show) VALUES (1, 224, true);
INSERT INTO bps_78000.t_sys_role_menu(role_id, menu_id, is_show) VALUES (1, 225, true);
INSERT INTO bps_78000.t_sys_role_menu(role_id, menu_id, is_show) VALUES (1, 226, true);
INSERT INTO bps_78000.t_sys_role_menu(role_id, menu_id, is_show) VALUES (1, 227, true);
INSERT INTO bps_78000.t_sys_role_menu(role_id, menu_id, is_show) VALUES (1, 228, true);
INSERT INTO bps_78000.t_sys_role_menu(role_id, menu_id, is_show) VALUES (1, 229, true);
INSERT INTO bps_78000.t_sys_role_menu(role_id, menu_id, is_show) VALUES (1, 230, true);
INSERT INTO bps_78000.t_sys_role_menu(role_id, menu_id, is_show) VALUES (1, 231, true);
INSERT INTO bps_78000.t_sys_role_menu(role_id, menu_id, is_show) VALUES (1, 232, true);
INSERT INTO bps_78000.t_sys_role_menu(role_id, menu_id, is_show) VALUES (1, 233, true);
INSERT INTO bps_78000.t_sys_role_menu(role_id, menu_id, is_show) VALUES (1, 234, true);
INSERT INTO bps_78000.t_sys_role_menu(role_id, menu_id, is_show) VALUES (1, 235, true);
INSERT INTO bps_78000.t_sys_role_menu(role_id, menu_id, is_show) VALUES (1, 236, true);
INSERT INTO bps_78000.t_sys_role_menu(role_id, menu_id, is_show) VALUES (1, 237, true);
INSERT INTO bps_78000.t_sys_role_menu(role_id, menu_id, is_show) VALUES (1, 238, true);
INSERT INTO bps_78000.t_sys_role_menu(role_id, menu_id, is_show) VALUES (1, 239, true);
INSERT INTO bps_78000.t_sys_role_menu(role_id, menu_id, is_show) VALUES (1, 240, true);
INSERT INTO bps_78000.t_sys_role_menu(role_id, menu_id, is_show) VALUES (1, 241, true);
INSERT INTO bps_78000.t_sys_role_menu(role_id, menu_id, is_show) VALUES (1, 242, true);



--存款跑批配置 1-存款跑批 2-生成未绑定服务
-- insert into bps_78000.t_cktj_deposit_handle_config (type, org_code, dp_next_date, create_by, create_time, update_by, update_time) VALUES ('1', '95133', '2020-12-01', 1, now(), 1, now());
-- insert into bps_78000.t_cktj_deposit_handle_config (type, org_code, dp_next_date, create_by, create_time, update_by, update_time) VALUES ('1', '95135', '2020-12-01', 1, now(), 1, now());
-- insert into bps_78000.t_cktj_deposit_handle_config (type, org_code, dp_next_date, create_by, create_time, update_by, update_time) VALUES ('2', '95133', '2020-01-01', 1, now(), 1, now());
-- insert into bps_78000.t_cktj_deposit_handle_config (type, org_code, dp_next_date, create_by, create_time, update_by, update_time) VALUES ('2', '95135', '2020-01-01', 1, now(), 1, now());







insert into bps_78000.t_sys_api (id, name,uri,permission,remarks,create_by,create_time,update_by,update_time) values(100,'获取存款分类','/cktj/depositcategory/get','cktj:depositcategory:get','手工写入权限',1,now(),1,now());
insert into bps_78000.t_sys_api (id, name,uri,permission,remarks,create_by,create_time,update_by,update_time) values(101,'获取未登记揽储人列表','/cktj/employeeaccount/getunregisteraccount','cktj:employeeaccount:getunregisteraccount','手工写入权限',1,now(),1,now());
insert into bps_78000.t_sys_api (id, name,uri,permission,remarks,create_by,create_time,update_by,update_time) values(102,'登记揽储人','/cktj/employeeaccount/registeremployee','cktj:employeeaccount:registeremployee','手工写入权限',1,now(),1,now());
insert into bps_78000.t_sys_api (id, name,uri,permission,remarks,create_by,create_time,update_by,update_time) values(103,'获取已登记揽储人但未复核列表','/cktj/employeeaccount/getregisteruncheckedaccount','cktj:employeeaccount:getregisteruncheckedaccount','手工写入权限',1,now(),1,now());
insert into bps_78000.t_sys_api (id, name,uri,permission,remarks,create_by,create_time,update_by,update_time) values(104,'登记复核揽储人','/cktj/employeeaccount/checkregisteremployee','cktj:employeeaccount:checkregisteremployee','手工写入权限',1,now(),1,now());
insert into bps_78000.t_sys_api (id, name,uri,permission,remarks,create_by,create_time,update_by,update_time) values(105,'撤销登记揽储人申请','/cktj/employeeaccount/undoregisteremployee','cktj:employeeaccount:undoregisteremployee','手工写入权限',1,now(),1,now());
insert into bps_78000.t_sys_api (id, name,uri,permission,remarks,create_by,create_time,update_by,update_time) values(106,'获取任务数可变更揽储人列表','/cktj/employeeaccount/gettaskmodifiableaccount','cktj:employeeaccount:gettaskmodifiableaccount','手工写入权限',1,now(),1,now());
insert into bps_78000.t_sys_api (id, name,uri,permission,remarks,create_by,create_time,update_by,update_time) values(107,'获取计酬数可变更揽储人列表','/cktj/employeeaccount/getpaymentmodifiableaccount','cktj:employeeaccount:getpaymentmodifiableaccount','手工写入权限',1,now(),1,now());
insert into bps_78000.t_sys_api (id, name,uri,permission,remarks,create_by,create_time,update_by,update_time) values(108,'变更揽储人申请-任务','/cktj/employeeaccount/modifyemployeetask','cktj:employeeaccount:modifyemployeetask','手工写入权限',1,now(),1,now());
insert into bps_78000.t_sys_api (id, name,uri,permission,remarks,create_by,create_time,update_by,update_time) values(109,'变更揽储人申请-计酬','/cktj/employeeaccount/modifyemployeepayment','cktj:employeeaccount:modifyemployeepayment','手工写入权限',1,now(),1,now());
insert into bps_78000.t_sys_api (id, name,uri,permission,remarks,create_by,create_time,update_by,update_time) values(110,'复核变更揽储人申请-任务数','/cktj/employeeaccount/checkmodifyemployeetask','cktj:employeeaccount:checkmodifyemployeetask','手工写入权限',1,now(),1,now());
insert into bps_78000.t_sys_api (id, name,uri,permission,remarks,create_by,create_time,update_by,update_time) values(111,'复核变更揽储人申请-计酬数','/cktj/employeeaccount/checkmodifyemployeepayment','cktj:employeeaccount:checkmodifyemployeepayment','手工写入权限',1,now(),1,now());
insert into bps_78000.t_sys_api (id, name,uri,permission,remarks,create_by,create_time,update_by,update_time) values(112,'获取已便跟揽储人但未复核列表-任务数','/cktj/employeeaccount/getmodifieduncheckedaccounttask','cktj:employeeaccount:getmodifieduncheckedaccounttask','手工写入权限',1,now(),1,now());
insert into bps_78000.t_sys_api (id, name,uri,permission,remarks,create_by,create_time,update_by,update_time) values(113,'获取已便跟揽储人但未复核列表-计酬数','/cktj/employeeaccount/getmodifieduncheckedaccountpayment','cktj:employeeaccount:getmodifieduncheckedaccountpayment','手工写入权限',1,now(),1,now());
insert into bps_78000.t_sys_api (id, name,uri,permission,remarks,create_by,create_time,update_by,update_time) values(114,'撤销变更揽储人申请-任务数','/cktj/employeeaccount/undomodifyemployeetask','cktj:employeeaccount:undomodifyemployeetask','手工写入权限',1,now(),1,now());
insert into bps_78000.t_sys_api (id, name,uri,permission,remarks,create_by,create_time,update_by,update_time) values(115,'撤销变更揽储人申请-计酬数','/cktj/employeeaccount/undomodifyemployeepayment','cktj:employeeaccount:undomodifyemployeepayment','手工写入权限',1,now(),1,now());
insert into bps_78000.t_sys_api (id, name,uri,permission,remarks,create_by,create_time,update_by,update_time) values(116,'获取揽储人存款账户信息-任务数','/cktj/employeeaccount/gettask','cktj:employeeaccount:gettask','手工写入权限',1,now(),1,now());
insert into bps_78000.t_sys_api (id, name,uri,permission,remarks,create_by,create_time,update_by,update_time) values(117,'获取揽储人存款账户信息-计酬数','/cktj/employeeaccount/getpayment','cktj:employeeaccount:getpayment','手工写入权限',1,now(),1,now());
insert into bps_78000.t_sys_api (id, name,uri,permission,remarks,create_by,create_time,update_by,update_time) values(118,'员工时点存款-任务数','/cktj/deposit/employeetask','cktj:deposit:employeetask','手工写入权限',1,now(),1,now());
insert into bps_78000.t_sys_api (id, name,uri,permission,remarks,create_by,create_time,update_by,update_time) values(119,'员工时点存款-计酬数','/cktj/deposit/employeepayment','cktj:deposit:employeepayment','手工写入权限',1,now(),1,now());
insert into bps_78000.t_sys_api (id, name,uri,permission,remarks,create_by,create_time,update_by,update_time) values(120,'员工时点存款导出-任务数','/cktj/deposit/exportempdeposittask','cktj:deposit:exportempdeposittask','手工写入权限',1,now(),1,now());
insert into bps_78000.t_sys_api (id, name,uri,permission,remarks,create_by,create_time,update_by,update_time) values(121,'员工时点存款导出-计酬数','/cktj/deposit/exportempdepositpayment','cktj:deposit:exportempdepositpayment','手工写入权限',1,now(),1,now());
insert into bps_78000.t_sys_api (id, name,uri,permission,remarks,create_by,create_time,update_by,update_time) values(122,'员工日均存款-任务数','/cktj/deposit/empaveragetask','cktj:deposit:empaveragetask','手工写入权限',1,now(),1,now());
insert into bps_78000.t_sys_api (id, name,uri,permission,remarks,create_by,create_time,update_by,update_time) values(123,'员工日均存款-计酬数','/cktj/deposit/empaveragepayment','cktj:deposit:empaveragepayment','手工写入权限',1,now(),1,now());
insert into bps_78000.t_sys_api (id, name,uri,permission,remarks,create_by,create_time,update_by,update_time) values(124,'员工日均存款导出-任务数','/cktj/deposit/exportempavgdeposittask','cktj:deposit:exportempavgdeposittask','手工写入权限',1,now(),1,now());
insert into bps_78000.t_sys_api (id, name,uri,permission,remarks,create_by,create_time,update_by,update_time) values(125,'获取账户自动绑定类型','/cktj/employeeaccount/getAutoBindRule','cktj:employeeaccount:getautobindrule','手工写入权限',1,now(),1,now());
insert into bps_78000.t_sys_api (id, name,uri,permission,remarks,create_by,create_time,update_by,update_time) values(126,'机构时点存款','/cktj/deposit/organizationtask','cktj:deposit:organizationtask','手工写入权限',1,now(),1,now());
insert into bps_78000.t_sys_api (id, name,uri,permission,remarks,create_by,create_time,update_by,update_time) values(127,'机构时点存款导出','/cktj/deposit/exportorgdeposittask','cktj:deposit:exportorgdeposittask','手工写入权限',1,now(),1,now());
insert into bps_78000.t_sys_api (id, name,uri,permission,remarks,create_by,create_time,update_by,update_time) values(128,'机构日均存款-任务数','/cktj/deposit/orgaveragetask','cktj:deposit:orgaveragetask','手工写入权限',1,now(),1,now());
insert into bps_78000.t_sys_api (id, name,uri,permission,remarks,create_by,create_time,update_by,update_time) values(129,'机构日均存款导出-任务数','/cktj/deposit/exportorgavgdeposittask','cktj:deposit:exportorgavgdeposittask','手工写入权限',1,now(),1,now());



insert into bps_78000.t_sys_role_permission(role_id, api_id, data_scope, create_time, create_by ) VALUES (1, 100, 'DATA_SCOPE_ALL', now(), 1);
insert into bps_78000.t_sys_role_permission(role_id, api_id, data_scope, create_time, create_by ) VALUES (1, 101, 'DATA_SCOPE_ORGANIZATION_AND_CHILD', now(), 1);
insert into bps_78000.t_sys_role_permission(role_id, api_id, data_scope, create_time, create_by ) VALUES (1, 102, 'DATA_SCOPE_ORGANIZATION_AND_CHILD', now(), 1);
insert into bps_78000.t_sys_role_permission(role_id, api_id, data_scope, create_time, create_by ) VALUES (1, 103, 'DATA_SCOPE_ORGANIZATION_AND_CHILD', now(), 1);
insert into bps_78000.t_sys_role_permission(role_id, api_id, data_scope, create_time, create_by ) VALUES (1, 104, 'DATA_SCOPE_ALL', now(), 1);
insert into bps_78000.t_sys_role_permission(role_id, api_id, data_scope, create_time, create_by ) VALUES (1, 105, 'DATA_SCOPE_ALL', now(), 1);
insert into bps_78000.t_sys_role_permission(role_id, api_id, data_scope, create_time, create_by ) VALUES (1, 106, 'DATA_SCOPE_ORGANIZATION_AND_CHILD', now(), 1);
insert into bps_78000.t_sys_role_permission(role_id, api_id, data_scope, create_time, create_by ) VALUES (1, 107, 'DATA_SCOPE_ORGANIZATION_AND_CHILD', now(), 1);
insert into bps_78000.t_sys_role_permission(role_id, api_id, data_scope, create_time, create_by ) VALUES (1, 108, 'DATA_SCOPE_ORGANIZATION_AND_CHILD', now(), 1);
insert into bps_78000.t_sys_role_permission(role_id, api_id, data_scope, create_time, create_by ) VALUES (1, 109, 'DATA_SCOPE_ORGANIZATION_AND_CHILD', now(), 1);
insert into bps_78000.t_sys_role_permission(role_id, api_id, data_scope, create_time, create_by ) VALUES (1, 110, 'DATA_SCOPE_ORGANIZATION_AND_CHILD', now(), 1);
insert into bps_78000.t_sys_role_permission(role_id, api_id, data_scope, create_time, create_by ) VALUES (1, 111, 'DATA_SCOPE_ORGANIZATION_AND_CHILD', now(), 1);
insert into bps_78000.t_sys_role_permission(role_id, api_id, data_scope, create_time, create_by ) VALUES (1, 112, 'DATA_SCOPE_ORGANIZATION_AND_CHILD', now(), 1);
insert into bps_78000.t_sys_role_permission(role_id, api_id, data_scope, create_time, create_by ) VALUES (1, 113, 'DATA_SCOPE_ORGANIZATION_AND_CHILD', now(), 1);
insert into bps_78000.t_sys_role_permission(role_id, api_id, data_scope, create_time, create_by ) VALUES (1, 114, 'DATA_SCOPE_ORGANIZATION_AND_CHILD', now(), 1);
insert into bps_78000.t_sys_role_permission(role_id, api_id, data_scope, create_time, create_by ) VALUES (1, 115, 'DATA_SCOPE_ORGANIZATION_AND_CHILD', now(), 1);
insert into bps_78000.t_sys_role_permission(role_id, api_id, data_scope, create_time, create_by ) VALUES (1, 116, 'DATA_SCOPE_ORGANIZATION_AND_CHILD', now(), 1);
insert into bps_78000.t_sys_role_permission(role_id, api_id, data_scope, create_time, create_by ) VALUES (1, 117, 'DATA_SCOPE_ORGANIZATION_AND_CHILD', now(), 1);
insert into bps_78000.t_sys_role_permission(role_id, api_id, data_scope, create_time, create_by ) VALUES (1, 118, 'DATA_SCOPE_ORGANIZATION_AND_CHILD', now(), 1);
insert into bps_78000.t_sys_role_permission(role_id, api_id, data_scope, create_time, create_by ) VALUES (1, 119, 'DATA_SCOPE_ORGANIZATION_AND_CHILD', now(), 1);
insert into bps_78000.t_sys_role_permission(role_id, api_id, data_scope, create_time, create_by ) VALUES (1, 120, 'DATA_SCOPE_ORGANIZATION_AND_CHILD', now(), 1);
insert into bps_78000.t_sys_role_permission(role_id, api_id, data_scope, create_time, create_by ) VALUES (1, 121, 'DATA_SCOPE_ORGANIZATION_AND_CHILD', now(), 1);
insert into bps_78000.t_sys_role_permission(role_id, api_id, data_scope, create_time, create_by ) VALUES (1, 122, 'DATA_SCOPE_ORGANIZATION_AND_CHILD', now(), 1);
insert into bps_78000.t_sys_role_permission(role_id, api_id, data_scope, create_time, create_by ) VALUES (1, 123, 'DATA_SCOPE_ORGANIZATION_AND_CHILD', now(), 1);
insert into bps_78000.t_sys_role_permission(role_id, api_id, data_scope, create_time, create_by ) VALUES (1, 124, 'DATA_SCOPE_ORGANIZATION_AND_CHILD', now(), 1);
insert into bps_78000.t_sys_role_permission(role_id, api_id, data_scope, create_time, create_by ) VALUES (1, 125, 'DATA_SCOPE_ALL', now(), 1);
insert into bps_78000.t_sys_role_permission(role_id, api_id, data_scope, create_time, create_by ) VALUES (1, 126, 'DATA_SCOPE_ORGANIZATION_AND_CHILD', now(), 1);
insert into bps_78000.t_sys_role_permission(role_id, api_id, data_scope, create_time, create_by ) VALUES (1, 127, 'DATA_SCOPE_ORGANIZATION_AND_CHILD', now(), 1);
insert into bps_78000.t_sys_role_permission(role_id, api_id, data_scope, create_time, create_by ) VALUES (1, 128, 'DATA_SCOPE_ORGANIZATION_AND_CHILD', now(), 1);
insert into bps_78000.t_sys_role_permission(role_id, api_id, data_scope, create_time, create_by ) VALUES (1, 129, 'DATA_SCOPE_ORGANIZATION_AND_CHILD', now(), 1);












